residuals (i.e. ||f(x_n)||),differences (i.e. ||x_n-x_{n-1}||),current point (i.e. x_n)
0.5656854249492381,0.0,[1. 1.]
0.07240728184266755,1.0762952755072999,[0.2      1.720008]
4.2992075453321126e-13,1.279992000000997,[0.2 3. ]
