residuals (i.e. ||f(x_n)||),differences (i.e. ||x_n-x_{n-1}||),current point (i.e. x_n)
0.5656854249492381,0.0,[1. 1.]
0.07240728184266755,1.0762952755072999,[0.2      1.720008]
0.06941579227110879,0.05288256408612191,[0.2        1.77289056]
1.6641959502000907e-10,1.2271094388491839,[0.2 3. ]
